rating,title,text,images,asin,parent_asin,user_id,timestamp,helpful_vote,verified_purchase
4.0,Sticky stair riser tread thingies are utterly useless.,"Tried to load photos, but none of my photos or videos ever want to load on amazon. Weird huh? Bought this as ‚Äúlike new‚Äù from amazon. It‚Äôs not. Whoever returned it got dog hair all over the sticky stair riser treads & they will not stick to the plastic stairs so neither of my service dogs will use them although it‚Äôs identical to the last stairs we owned.  Mine is garbage bc it was previously used.",[],B084SXF9Y8,B0BHTBS5RM,AFKZENTNBQ7A7V7UXW5JJI6UGRYQ,1675529329744,0,True
1.0,Dangerous bc metal not properly coated! Rough edges!,"Where to begin?  I‚Äôve been trying to get the 20 pics of these eyesores to upload since I received them, but they won‚Äôt. I ordered them bc one of my service dogs had emergency surgery & both pups were exposed to weed killer my LL put down, but I was unaware of & both pups became ill.  I knew when they arrived that I should have immediately returned them bc both boxes had the look about them that they were someone else‚Äôs previous returns.  The bad tape jobs on the boxes are generally a pretty good indicator imo. Both kennels had been placed together in one larger box for shipping so they should neither of them have had such a horrific tape job applied to them. I‚Äôve purchased Midwest kennels for over 35 years & I‚Äôve never purchased them with this kind of tape job in my life.  These were not ‚Äúfactory sealed‚Äù.  These hasd obviously been opened & returned. Worse- it looked as tho someone kept the new kennel & returned their old one bc you can literally see where all the powder coating is missing on these kennels which happens over time from use & friction.  One piece in particular has no coating on it whatsoever as can be seen in the photos that won‚Äôt load. Lol.  I thought I was buying direct from the manufacturer this time as I‚Äôve moved away from buying from third party sellers due to receiving items like these kennels.  What‚Äôs annoying is I desperately needed this for a dog post surgery & im left with an un-safe kennel.  The metal is jagged throughout. I‚Äôve cut my own hands numerous times bc the costing is missing & the metal is bare & rough.  Either the quality of Midwest has taken a nosedive in the 4 yrs since I last purchased a kennel or someone sent me used items.  I cannot recommend this item bc it is dangerous to ur pups eyes, nose, skin, paws, fur, etc.  jagged edges have no business near animal nor human bodies.","[{'small_image_url': 'https://m.media-amazon.com/images/I/613Lx0U8t-L._SL256_.jpg', 'medium_image_url': 'https://m.media-amazon.com/images/I/613Lx0U8t-L._SL800_.jpg', 'large_image_url': 'https://m.media-amazon.com/images/I/613Lx0U8t-L._SL1600_.jpg', 'attachment_type': 'IMAGE'}, {'small_image_url': 'https://m.media-amazon.com/images/I/617DNqsf5ZL._SL256_.jpg', 'medium_image_url': 'https://m.media-amazon.com/images/I/617DNqsf5ZL._SL800_.jpg', 'large_image_url': 'https://m.media-amazon.com/images/I/617DNqsf5ZL._SL1600_.jpg', 'attachment_type': 'IMAGE'}, {'small_image_url': 'https://m.media-amazon.com/images/I/61H1Xm1wE7L._SL256_.jpg', 'medium_image_url': 'https://m.media-amazon.com/images/I/61H1Xm1wE7L._SL800_.jpg', 'large_image_url': 'https://m.media-amazon.com/images/I/61H1Xm1wE7L._SL1600_.jpg', 'attachment_type': 'IMAGE'}, {'small_image_url': 'https://m.media-amazon.com/images/I/61HpXowuhBL._SL256_.jpg', 'medium_image_url': 'https://m.media-amazon.com/images/I/61HpXowuhBL._SL800_.jpg', 'large_image_url': 'https://m.media-amazon.com/images/I/61HpXowuhBL._SL1600_.jpg', 'attachment_type': 'IMAGE'}, {'small_image_url': 'https://m.media-amazon.com/images/I/61JhUpKC31L._SL256_.jpg', 'medium_image_url': 'https://m.media-amazon.com/images/I/61JhUpKC31L._SL800_.jpg', 'large_image_url': 'https://m.media-amazon.com/images/I/61JhUpKC31L._SL1600_.jpg', 'attachment_type': 'IMAGE'}, {'small_image_url': 'https://m.media-amazon.com/images/I/61N61Xuyh2L._SL256_.jpg', 'medium_image_url': 'https://m.media-amazon.com/images/I/61N61Xuyh2L._SL800_.jpg', 'large_image_url': 'https://m.media-amazon.com/images/I/61N61Xuyh2L._SL1600_.jpg', 'attachment_type': 'IMAGE'}, {'small_image_url': 'https://m.media-amazon.com/images/I/61QIMHUevKL._SL256_.jpg', 'medium_image_url': 'https://m.media-amazon.com/images/I/61QIMHUevKL._SL800_.jpg', 'large_image_url': 'https://m.media-amazon.com/images/I/61QIMHUevKL._SL1600_.jpg', 'attachment_type': 'IMAGE'}, {'small_image_url': 'https://m.media-amazon.com/images/I/61XaLEM9HIL._SL256_.jpg', 'medium_image_url': 'https://m.media-amazon.com/images/I/61XaLEM9HIL._SL800_.jpg', 'large_image_url': 'https://m.media-amazon.com/images/I/61XaLEM9HIL._SL1600_.jpg', 'attachment_type': 'IMAGE'}, {'small_image_url': 'https://m.media-amazon.com/images/I/61fEw71OT3L._SL256_.jpg', 'medium_image_url': 'https://m.media-amazon.com/images/I/61fEw71OT3L._SL800_.jpg', 'large_image_url': 'https://m.media-amazon.com/images/I/61fEw71OT3L._SL1600_.jpg', 'attachment_type': 'IMAGE'}, {'small_image_url': 'https://m.media-amazon.com/images/I/71+fI8Ia3CL._SL256_.jpg', 'medium_image_url': 'https://m.media-amazon.com/images/I/71+fI8Ia3CL._SL800_.jpg', 'large_image_url': 'https://m.media-amazon.com/images/I/71+fI8Ia3CL._SL1600_.jpg', 'attachment_type': 'IMAGE'}, {'small_image_url': 'https://m.media-amazon.com/images/I/71-JNzdpj7L._SL256_.jpg', 'medium_image_url': 'https://m.media-amazon.com/images/I/71-JNzdpj7L._SL800_.jpg', 'large_image_url': 'https://m.media-amazon.com/images/I/71-JNzdpj7L._SL1600_.jpg', 'attachment_type': 'IMAGE'}, {'small_image_url': 'https://m.media-amazon.com/images/I/715lknbGILL._SL256_.jpg', 'medium_image_url': 'https://m.media-amazon.com/images/I/715lknbGILL._SL800_.jpg', 'large_image_url': 'https://m.media-amazon.com/images/I/715lknbGILL._SL1600_.jpg', 'attachment_type': 'IMAGE'}, {'small_image_url': 'https://m.media-amazon.com/images/I/7170MBBXL1L._SL256_.jpg', 'medium_image_url': 'https://m.media-amazon.com/images/I/7170MBBXL1L._SL800_.jpg', 'large_image_url': 'https://m.media-amazon.com/images/I/7170MBBXL1L._SL1600_.jpg', 'attachment_type': 'IMAGE'}, {'small_image_url': 'https://m.media-amazon.com/images/I/71AwRXwjBUL._SL256_.jpg', 'medium_image_url': 'https://m.media-amazon.com/images/I/71AwRXwjBUL._SL800_.jpg', 'large_image_url': 'https://m.media-amazon.com/images/I/71AwRXwjBUL._SL1600_.jpg', 'attachment_type': 'IMAGE'}, {'small_image_url': 'https://m.media-amazon.com/images/I/71EsBFjxSRL._SL256_.jpg', 'medium_image_url': 'https://m.media-amazon.com/images/I/71EsBFjxSRL._SL800_.jpg', 'large_image_url': 'https://m.media-amazon.com/images/I/71EsBFjxSRL._SL1600_.jpg', 'attachment_type': 'IMAGE'}, {'small_image_url': 'https://m.media-amazon.com/images/I/71HTwcJpluL._SL256_.jpg', 'medium_image_url': 'https://m.media-amazon.com/images/I/71HTwcJpluL._SL800_.jpg', 'large_image_url': 'https://m.media-amazon.com/images/I/71HTwcJpluL._SL1600_.jpg', 'attachment_type': 'IMAGE'}, {'small_image_url': 'https://m.media-amazon.com/images/I/71MqOT2RKcL._SL256_.jpg', 'medium_image_url': 'https://m.media-amazon.com/images/I/71MqOT2RKcL._SL800_.jpg', 'large_image_url': 'https://m.media-amazon.com/images/I/71MqOT2RKcL._SL1600_.jpg', 'attachment_type': 'IMAGE'}, {'small_image_url': 'https://m.media-amazon.com/images/I/71MqhQ0upNL._SL256_.jpg', 'medium_image_url': 'https://m.media-amazon.com/images/I/71MqhQ0upNL._SL800_.jpg', 'large_image_url': 'https://m.media-amazon.com/images/I/71MqhQ0upNL._SL1600_.jpg', 'attachment_type': 'IMAGE'}, {'small_image_url': 'https://m.media-amazon.com/images/I/71Mz5SqQmNL._SL256_.jpg', 'medium_image_url': 'https://m.media-amazon.com/images/I/71Mz5SqQmNL._SL800_.jpg', 'large_image_url': 'https://m.media-amazon.com/images/I/71Mz5SqQmNL._SL1600_.jpg', 'attachment_type': 'IMAGE'}, {'small_image_url': 'https://m.media-amazon.com/images/I/71NGcDSLJsL._SL256_.jpg', 'medium_image_url': 'https://m.media-amazon.com/images/I/71NGcDSLJsL._SL800_.jpg', 'large_image_url': 'https://m.media-amazon.com/images/I/71NGcDSLJsL._SL1600_.jpg', 'attachment_type': 'IMAGE'}, {'small_image_url': 'https://m.media-amazon.com/images/I/71VmoblJgNL._SL256_.jpg', 'medium_image_url': 'https://m.media-amazon.com/images/I/71VmoblJgNL._SL800_.jpg', 'large_image_url': 'https://m.media-amazon.com/images/I/71VmoblJgNL._SL1600_.jpg', 'attachment_type': 'IMAGE'}, {'small_image_url': 'https://m.media-amazon.com/images/I/71WqhP7hlpL._SL256_.jpg', 'medium_image_url': 'https://m.media-amazon.com/images/I/71WqhP7hlpL._SL800_.jpg', 'large_image_url': 'https://m.media-amazon.com/images/I/71WqhP7hlpL._SL1600_.jpg', 'attachment_type': 'IMAGE'}, {'small_image_url': 'https://m.media-amazon.com/images/I/71dzkdHQ+tL._SL256_.jpg', 'medium_image_url': 'https://m.media-amazon.com/images/I/71dzkdHQ+tL._SL800_.jpg', 'large_image_url': 'https://m.media-amazon.com/images/I/71dzkdHQ+tL._SL1600_.jpg', 'attachment_type': 'IMAGE'}, {'small_image_url': 'https://m.media-amazon.com/images/I/71jH98xT6zL._SL256_.jpg', 'medium_image_url': 'https://m.media-amazon.com/images/I/71jH98xT6zL._SL800_.jpg', 'large_image_url': 'https://m.media-amazon.com/images/I/71jH98xT6zL._SL1600_.jpg', 'attachment_type': 'IMAGE'}, {'small_image_url': 'https://m.media-amazon.com/images/I/71mAonOIakL._SL256_.jpg', 'medium_image_url': 'https://m.media-amazon.com/images/I/71mAonOIakL._SL800_.jpg', 'large_image_url': 'https://m.media-amazon.com/images/I/71mAonOIakL._SL1600_.jpg', 'attachment_type': 'IMAGE'}, {'small_image_url': 'https://m.media-amazon.com/images/I/71u2iF-S6mL._SL256_.jpg', 'medium_image_url': 'https://m.media-amazon.com/images/I/71u2iF-S6mL._SL800_.jpg', 'large_image_url': 'https://m.media-amazon.com/images/I/71u2iF-S6mL._SL1600_.jpg', 'attachment_type': 'IMAGE'}, {'small_image_url': 'https://m.media-amazon.com/images/I/71yPDpkxhRL._SL256_.jpg', 'medium_image_url': 'https://m.media-amazon.com/images/I/71yPDpkxhRL._SL800_.jpg', 'large_image_url': 'https://m.media-amazon.com/images/I/71yPDpkxhRL._SL1600_.jpg', 'attachment_type': 'IMAGE'}]",B000QFWCJ6,B0BJ16KKML,AFKZENTNBQ7A7V7UXW5JJI6UGRYQ,1665513673369,4,True
3.0,Arrived damaged/dented/rusted,Unfortunately mine arrived damaged/dented which undermines the structural integrity.  As it was packaged in cardboard it appears it left the manufacturer that way so they must not have quality control ppl watching the products or inspecting them.  There are also several areas of rust on the pieces as though they got wet at some point. This one will be going back.  I will not pay $42 plus tax for damaged goods.,"[{'small_image_url': 'https://m.media-amazon.com/images/I/711lGgbffmL._SL256_.jpg', 'medium_image_url': 'https://m.media-amazon.com/images/I/711lGgbffmL._SL800_.jpg', 'large_image_url': 'https://m.media-amazon.com/images/I/711lGgbffmL._SL1600_.jpg', 'attachment_type': 'IMAGE'}, {'small_image_url': 'https://m.media-amazon.com/images/I/71VMi6Z9SLL._SL256_.jpg', 'medium_image_url': 'https://m.media-amazon.com/images/I/71VMi6Z9SLL._SL800_.jpg', 'large_image_url': 'https://m.media-amazon.com/images/I/71VMi6Z9SLL._SL1600_.jpg', 'attachment_type': 'IMAGE'}, {'small_image_url': 'https://m.media-amazon.com/images/I/71tb9LkBtIL._SL256_.jpg', 'medium_image_url': 'https://m.media-amazon.com/images/I/71tb9LkBtIL._SL800_.jpg', 'large_image_url': 'https://m.media-amazon.com/images/I/71tb9LkBtIL._SL1600_.jpg', 'attachment_type': 'IMAGE'}, {'small_image_url': 'https://m.media-amazon.com/images/I/71vFShyxYeL._SL256_.jpg', 'medium_image_url': 'https://m.media-amazon.com/images/I/71vFShyxYeL._SL800_.jpg', 'large_image_url': 'https://m.media-amazon.com/images/I/71vFShyxYeL._SL1600_.jpg', 'attachment_type': 'IMAGE'}, {'small_image_url': 'https://m.media-amazon.com/images/I/815UQTSQgdL._SL256_.jpg', 'medium_image_url': 'https://m.media-amazon.com/images/I/815UQTSQgdL._SL800_.jpg', 'large_image_url': 'https://m.media-amazon.com/images/I/815UQTSQgdL._SL1600_.jpg', 'attachment_type': 'IMAGE'}, {'small_image_url': 'https://m.media-amazon.com/images/I/81k7BpLUWRL._SL256_.jpg', 'medium_image_url': 'https://m.media-amazon.com/images/I/81k7BpLUWRL._SL800_.jpg', 'large_image_url': 'https://m.media-amazon.com/images/I/81k7BpLUWRL._SL1600_.jpg', 'attachment_type': 'IMAGE'}]",B08B875X4H,B0BX76YVP9,AFKZENTNBQ7A7V7UXW5JJI6UGRYQ,1656118516820,4,True
5.0,My pups love these!,"My pups love these!  It‚Äôs one of their favorites. My older pup is missing several teeth due to his old age, but they are still soft enough that he can eat them.",[],B01MFG9AG7,B0BM6V2SH8,AFKZENTNBQ7A7V7UXW5JJI6UGRYQ,1589933838188,0,True
3.0,My pups refuse to eat them.,"Idk why, but my pups will not eat either flavor of these. So it was a huge ware of money for me.",[],B00KRMMJV4,B0986BSRB1,AFKZENTNBQ7A7V7UXW5JJI6UGRYQ,1587853303681,0,True
5.0,Work great!!,"These are my favorite and I‚Äôm kicking myself for not buying more. As usual the price doubled when I went to buy more. I have two small service dogs 10-12 pounds, but I have dr appts in another town and s one is older I like to have these if needed. I was worried they wouldn‚Äôt use them w the lavender smell, but they took right to them. Now when I‚Äôm stranded in a hospital it dr for hours miles away I don‚Äôt have to worry about finding surprises at home. I prefer the xxl. Idk why companies insist on making the ridiculous 21‚Äùx21‚Äù size. I suppose it‚Äôs just so they can charge 4x more for a reasonable size.  I bought another brand when the price doubled.  And ironically a day after I bought the other brand it‚Äôs price dropped. Amazon pricing is  nuts.  I miss these so much bc the others I bought were the tiny 21‚Äù square size. Stupid small.",[],B01C5AS7BQ,B0BP3XMDP2,AFKZENTNBQ7A7V7UXW5JJI6UGRYQ,1583557116498,0,True
4.0,Pups love a couple flavors,"Bought these in sale at local Petsmaet and my pups loved 2 flavors. I bought this 4 pack hoping they would like the others as well. Sadly, I have picky pups, but the price was worth it. They devoured the ones they liked first and grudgingly have eaten what‚Äôs left since they have no other treats until these are gone.",[],B079QFP1F5,B079QFP1F5,AFKZENTNBQ7A7V7UXW5JJI6UGRYQ,1545114749534,1,True
4.0,"Colorful, extremely functional, but defective bolt! 1 works 1 won‚Äôt.",Love the color and the heft. It‚Äôs strong. I purchased this for my daughter‚Äôs husky/German Shepherd mix. I love the fanny pack too. My only problem is that it arrived damaged which always irritates the hell out of me. Quality Control should have tried the bolt end and realized that one end will not open at all!  It‚Äôs infuriating as I was really looking forward to using this leash for the ‚Äúhands free‚Äù walk!  These bolts suck. The price is great until you realize you either have to return the entire thing which I am planning to do or you have to find new bolts and take the leash apart and install the new ones. They have a stupid little twisted wire thingy like ink pens do. Useless.  My grandson loves the leash. The color is pretty and the lime green makes it easy to find in a house filled with 4 kids under 8 and kids toys and dog toys everywhere.  I literally bought it because we can never seem to find the other leashes before we risk an accident!  Said grandson likes to play with them/lose them/ hide them no matter how well you think you organized them the last time you put them up!  It‚Äôs sad that this really is a quality piece for a great price except for those stupid bolts!!! Argh!  The price of new bolts and the pain in the butt it will be to replace them means I may as well return it and hope I can find an exact duplicate to repurchase.  With different bolts it would definitely be 5 Stars!,"[{'small_image_url': 'https://images-na.ssl-images-amazon.com/images/I/61idiNof2wL._SL256_.jpg', 'medium_image_url': 'https://images-na.ssl-images-amazon.com/images/I/61idiNof2wL._SL800_.jpg', 'large_image_url': 'https://images-na.ssl-images-amazon.com/images/I/61idiNof2wL.jpg', 'attachment_type': 'IMAGE'}, {'small_image_url': 'https://images-na.ssl-images-amazon.com/images/I/71NEnlb5yaL._SL256_.jpg', 'medium_image_url': 'https://images-na.ssl-images-amazon.com/images/I/71NEnlb5yaL._SL800_.jpg', 'large_image_url': 'https://images-na.ssl-images-amazon.com/images/I/71NEnlb5yaL.jpg', 'attachment_type': 'IMAGE'}, {'small_image_url': 'https://images-na.ssl-images-amazon.com/images/I/71oKVSzoCpL._SL256_.jpg', 'medium_image_url': 'https://images-na.ssl-images-amazon.com/images/I/71oKVSzoCpL._SL800_.jpg', 'large_image_url': 'https://images-na.ssl-images-amazon.com/images/I/71oKVSzoCpL.jpg', 'attachment_type': 'IMAGE'}]",B072QCGYBC,B072QCGYBC,AFKZENTNBQ7A7V7UXW5JJI6UGRYQ,1534376759917,0,True
1.0,Super slippery,I didn't care for these - they are very slippery in water and I couldn't keep my grip on them!,[],B08M41H4QK,B08M41H4QK,AGGZ357AO26RQZVRLGU4D4N52DZQ,1635819311842,0,True
5.0,Crack for cats,"[[VIDEOID:b9ca91d6918d02797d210c89a5727806]] [[VIDEOID:c412148401252248c6b4c9d921bbd576]] OH MY GOSH this is like crack for cats. One of our cats (let's call her Precious) loves this thing so much that she tries to get it back out when I put it away. The other cat (let's call her Brat) lurks nearby and stares longingly at it, wishing she could join in, but alas is too haunted by the memory of what happened many years ago with a similar toy. She had grabbed the feather, managing to snatch the whole stick out of my hand, then panicked when the stick fell on the ground, got herself tangled in the toy & string, and made a mad dash through the house with the stick trailing behind her terrified, freaking-out self. She's never been able to join in on the fun since. So...moral of the story, just make sure you have a REAL firm grip on the dang stick and your cats (and you) will enjoy hours of entertainment. See attached video and photo for further evidence. ;-)","[{'small_image_url': 'https://images-na.ssl-images-amazon.com/images/I/714xTz0-m9L._SL256_.jpg', 'medium_image_url': 'https://images-na.ssl-images-amazon.com/images/I/714xTz0-m9L._SL800_.jpg', 'large_image_url': 'https://images-na.ssl-images-amazon.com/images/I/714xTz0-m9L.jpg', 'attachment_type': 'IMAGE'}]",B001BOVEU4,B07XC78K3P,AGGZ357AO26RQZVRLGU4D4N52DZQ,1481666095000,10,True
5.0,Like it!,My eight-year-old daughter uses this on a regular basis to clean her beta fish tank. She loves the size and versatility of the cleaning magnet. It‚Äôs easy to remove from the tank and clean as well.,"[{'small_image_url': 'https://images-na.ssl-images-amazon.com/images/I/C1WZiYMIwWS._SL256_.jpg', 'medium_image_url': 'https://images-na.ssl-images-amazon.com/images/I/C1WZiYMIwWS._SL800_.jpg', 'large_image_url': 'https://images-na.ssl-images-amazon.com/images/I/C1WZiYMIwWS._SL1600_.jpg', 'attachment_type': 'IMAGE'}]",B08M6D3Q7V,B08NY7TBKP,AGCI7FAH4GL5FI65HYLKWTMFZ2CQ,1626369788041,2,True
5.0,Five Stars,These worked great & as expected! Gets rid of alot of excess dog hair.,[],B07D59MS4W,B07D59MS4W,AGXVBIUFLFGMVLATYXHJYL4A5Q7Q,1530556386499,0,False
5.0,Our vet recommended this brand & our 16 month old silver lab ...,Our vet recommended this brand & our 16 month old silver lab loves it. We order it every month for him now.,[],B002OY0QDQ,B09VYZJFZY,AGXVBIUFLFGMVLATYXHJYL4A5Q7Q,1530556292224,0,True
5.0,works like a dream,"I love this thing. It does the job. I can't imagine having anything smaller than the large though. Even the large is quite small, IMO.",[],B07MZKPTJF,B002TMHRA8,AGKHLEW2SOWHNMFQIJGBECAF7INQ,1557756580211,1,True
5.0,DOGGIE DOOR IS OPEN FOR BIZNESS,Got a template for the size door hole to cut. A easy to understand book of instruction.,[],B000MD59IS,B01H05JVWA,AFE337D2J37YRU5U6MVTVKNDKWDA,1659124841485,0,True
5.0,Great toy for playing with the dog!!,Great toy. My yorkie puppy has been so happy chasing it.,[],B0002HYB7O,B0BP7J7FXJ,AFE337D2J37YRU5U6MVTVKNDKWDA,1659124454981,0,True
5.0,Great bowl for the mess makers.,As the new puppy goes its to tall for her to reach the bowls. It will be easier for the pup when she grows up. Only 10weeks old now.,[],B099S7G7N2,B09Y9DFVVZ,AFE337D2J37YRU5U6MVTVKNDKWDA,1650747903897,0,True
1.0,Doesn't work for my puppy!!,Got a new pup. It has not worked for me.  Sprayed the pad as well as the  placement of the pad. No scent that I noticed. But with the Covid who has a sense of smell left.,[],B0091RE52C,B0091RE52C,AFE337D2J37YRU5U6MVTVKNDKWDA,1650746940459,0,True
5.0,Wonderful upgrade for my adult dog,"I bought this crate to give my adult dog an upgrade so that he would have lots of space but can be safely confined if he is sick, if he needs a nap asap, if maintance is coming while I am at work, etc. It's very well made and sturdy, and I love that both doors have 3 locks. The sliding door is a great feature to save space. I close it by holding the top and middle lock and using them to slide the door closed & lock it. I also lubricated the top and bottom slide to prevent noise. I've added a nice crate cover & pet bed it's definitely a very nice ""bedroom"" for him.",[],B07YBGZL2J,B082XFFY9L,AGBFYI2DDIKXC5Y4FARTYDTQBMFQ,1650893560314,2,True
5.0,"As always, ruffwear delivers","In my experience ruffwear is always top of the line when it comes to dog products, and this pouch is no exception. I clipped a clicker to the clicker loop, added a few plastic bags to the outside pocket (clicker can still be tucked inside) and filled it with treats... I take it with me on every walk to reward good behavior such as loose leash walking, heeling, looking away from squirrels, etc and use it for clicker training sessions at home.<br /><br />The bag is contoured to fit against the curve of my hip and can be bent/adjusted. The small red tab on the outside and magnetic closure mean it can be operated with one hand. The bag closes securely. I love that the clip where it atatches to my pants is in the middle of the bag, not above it as with many other models. The bad is securely attached and does not wobble or sway. I don't use the included red belt, but it's very nice and will be useful with dresses, etc.",[],B079J22K9D,B079J22K9D,AGBFYI2DDIKXC5Y4FARTYDTQBMFQ,1650892503331,2,True
4.0,"Nice, well made bed but very thin","I bought this as a bed to go with my large dog's new crate. I like that the stitching is precise and it's a very attractive bed. My dog likes the plush raised sides. However the center part of the bed is very thin - about 1/2"" and does not provide a comfortable amount of padding. I put an additional clothes cell phone pad underneath the bed to make it more comfortable for him. This is a strange thing to overlook because the main point of the bed is that it should be comfortable for a pet to lay on while they're in the crate! An inch to 2 inches of potting seems to be the norm.",[],B005OWWSFY,B0BKWDZKFH,AGBFYI2DDIKXC5Y4FARTYDTQBMFQ,1648306429767,0,True
5.0,Great reflective harness!,"I ordered this product to have  a reflective, high visibility harness for road running with my dog. WOW this delivers. Very very visible, the front section has a lot of reflective materials and the rest has reflective stitching. The yellow is very bright. It fits him well (28"" chest, ordered size L) and I can connect it to his collar for extra security. There is a front and a back clip and the buckles appear sturdy.",[],B079WHKNRP,B079W6P3K4,AGBFYI2DDIKXC5Y4FARTYDTQBMFQ,1620357790250,0,True
5.0,Good safety device for might walks.,"This collar works well, easy to trim to size, easy to charge, and very bright. It does not bother my dog, in just flip it over his head for night walks.",[],B07G99S7MG,B07CV7C4QC,AGBFYI2DDIKXC5Y4FARTYDTQBMFQ,1600865535503,0,True
5.0,"In between sizes, got a large daypack for 27"" girth 50lb dog, he loves it","My dog has a 27"" girth and I was not sure if he needed a medium or a large, I got a size large. The straps are designed so that they can be tightened all the way, so it was easy to tighten them down to his size. We got it recently but it seems very durable and well made, I'll update if we have any problems. The pockets are large enough to hold 2 standard disposable water bottles (16.9 oz or 500 ml) per side or a single 750 mL reusable water bottle. Weight wise this is probably the max that my dog can carry (it would be about 5lbs or 10% of his body weight). The pockets do seem big and roomy though!<br /><br />I decided not to use the attachment ring on the harness because it destabilizes the load when my dog moves about. I clipped the leash to his collar instead. I think having a pack gives him a ""job"" and he walked very nicely with it on so this was not a problem. I would not recommend using this item for a dog who pulls strongly as it may slip around.",[],B000UTA1G4,B089B3KT43,AGBFYI2DDIKXC5Y4FARTYDTQBMFQ,1599165589718,0,True
5.0,"Great long leash for training, exploring, and play","Beautiful leash! A bit hard to manage at first but you get the hang of it. My dog loved having so much space to run and play. I took him to a big empty area to work on recall, play fetch, run and sniff, etc. You'll want to use one hand to hold excess line and one to keep the leash off the ground so your dog doesn't trip. You can also clip the end to your belt for security. I also recommend using a harness so your dog won't be putting pressure on his neck. We had a great time though and my hyper, high energy pooch wore himself out safely without the risks of letting him run off leash in a public place. The leash has beautiful bright colors and is very sturdy and well made.",[],B07XNXFKT7,B07217B2KF,AGBFYI2DDIKXC5Y4FARTYDTQBMFQ,1589548781145,0,True
5.0,Good for attaching to leash,"I keep this dispenser stretched to our leash handle and it works great. The clip for a full bag also works great. It's really convenient to have everything together because I can just grab it and go, no more hunting around for a bag or dealing with a roll unwinding in my pocket. I use the Velcro strap to attach it to a metal ring on the leash handle. You could also use the Velcro to attach directly to the handle.",[],B00OKHZ446,B00OKHZ446,AGBFYI2DDIKXC5Y4FARTYDTQBMFQ,1582464145340,0,True
5.0,Nice harness,"I just got this harness and it's already so much better than the ones we've tried on in person. My dog is a 55lb year old mix with a deep chest and narrow neck/shoulders and other harnesses didn't fit well. He measured for a medium and it fits well after we adjusted the harness (measure your dog!). The front clip discourages pulling and makes walks easy and fun. Back clip doesn't prevent pulling but my dog doesn't seem to know this and pulls less whenever the harness is on just in case it might pull him sideways. The loop on the top is useful to grab my dog as needed or while changing the leash attachment point. We've also used the car attachment a few times and he settles right down to lay down in the back seat.<br /><br />My dog loves the harness and gets excited when I bring it out, so I assume it's comfortable. Looks well made and durable. The reflective stitching is really bright. I think this is much more comfortable for my dog than waking with a collar and it's more comfortable for me because I don't have to manage a large dog who is pulling me around. He is much calmer and better behaved with this harness so I really enjoy our walks.",[],B0774T9XTJ,B0973ZP49X,AGBFYI2DDIKXC5Y4FARTYDTQBMFQ,1582076123231,1,True
5.0,"Good, durable, and effective","This bowl is great.<br /><br />1) Thick durable plastic, much nicer than the slow feeder I saw at Target, I think it will last. Beautiful color (cyan)<br /><br />2) Really slows down my dog's eating. It takes about 15 minutes for my dog to eat a cup of kibble. This is good because he used to eat too fast and get sick. The grooves are really deep, no sharp edges.  Doesn't flip over.",[],B00FPKNRF0,B0BFYZY2DZ,AGBFYI2DDIKXC5Y4FARTYDTQBMFQ,1581948892227,0,True
5.0,Great product!,Great bedding for my snake! This product is much cheaper (and a much larger bag) than the same product at my local pet store. It holds humidity well and looks attractive.,[],B00BUFSX7G,B00BUFSX7G,AGBFYI2DDIKXC5Y4FARTYDTQBMFQ,1501598487861,0,True
5.0,exactly as described/expected,"I don't really know what to say about this, they're aquarium stones. Exactly what I expected, just like the ones from a pet store. The blue color is really pretty.",[],B0007ZN3KC,B0007ZN3KC,AGBFYI2DDIKXC5Y4FARTYDTQBMFQ,1356728579000,0,True
5.0,Great for cleaning yard,"I ordered this last week and used it to clean fresh and old dog poop from my back yard. It worked great. It was very easy getting everything into the rake without missing anything, but it was somewhat harder transferring everything into a bag, since I could only hold the bag with one hand. In the future I will try dumping into a small trashcan or lined bucket.<br />I highly recommend this product. It's worth paying the money to get a clean back yard while keeping your hands clean!",[],B0002AT464,B08D8FC4MG,AGBFYI2DDIKXC5Y4FARTYDTQBMFQ,1286646315000,1,True
5.0,My picky cat loves it.,Wish they carried the ones with seaweed and kelp As my cat loves the seafood too.,[],B07VCVC38J,B0B7TDZYCF,AEVWAM3YWN5URJVJIZZ6XPD2MKIA,1661976601314,0,True
5.0,Hard to find tiny bird treat cups,Just what I have been searching for!!! Tiny treat cups for small birds that will fit on cages with both the vertical and square metal,[],B08TBFGBMY,B08TBFGBMY,AEVWAM3YWN5URJVJIZZ6XPD2MKIA,1630262267965,1,True
5.0,Chewy the best at delivery and customer service,Very little waste,[],B0002FP3VY,B072BR11S5,AEVWAM3YWN5URJVJIZZ6XPD2MKIA,1556043387293,0,True
4.0,Kept in freezer and took out as needed,They liked the little biscuits I made from this mix. I added fresh blueberries and put them in little cup cake cups.the little paper cups were an added attraction for them.,[],B0040Q7R7E,B0040Q7R7E,AEVWAM3YWN5URJVJIZZ6XPD2MKIA,1542505678537,0,True
4.0,The small is still big,For me even the small was bigger than I needed for parakeets...was wanting treat cups. But I can put their salad in this. Had to trim the a bit to fit my cage screen,[],B01MR2Z9VE,B01MR2Z9VE,AEVWAM3YWN5URJVJIZZ6XPD2MKIA,1542504673888,0,True
3.0,Cute but expensive,"Cute and tiny, actually a perfect little snack cup for a spoonful of pumpkin or chopped egg. But my little Amazon parakeets throw the entire cups all over the place. The 3 is not for lack of quality of the product....but I think the price is way too high for what you are getting.",[],B01FA89OG2,B01FA89O5I,AEVWAM3YWN5URJVJIZZ6XPD2MKIA,1540058753972,5,True
1.0,Too small,Who would be so mean as to keep a bird in a cage this small? This product should not be sold as a living habitat.,[],B000QFMYRG,B000QFMYRG,AEVWAM3YWN5URJVJIZZ6XPD2MKIA,1537660972133,4,False
5.0,... seats (that I have had for years) but I like it. There seems to be more space because ...,"Dog does not sit as high as they do in the Snoozer car seats (that I have had for years) but I like it. There seems to be more space because the sides are not as thick. Well see if it lasts as long. Comfortable, contained, safe seating. Everyone that rides their animals in car should have one.",[],B004ZJOKIU,B09BPCVTZ9,AEVWAM3YWN5URJVJIZZ6XPD2MKIA,1529024844003,0,True
5.0,Five Stars,Dogs love their new &#34;cookie&#34; treat like I love gummie vitaminsüòúHoping it helps their systems run optimal.,[],B075M6GBCY,B075M6GBCY,AEVWAM3YWN5URJVJIZZ6XPD2MKIA,1529023662848,0,True
1.0,China product,Warning made in China. Inspections and in humane animal treatment,[],B00KC7YPMA,B00KC7YPMA,AEVWAM3YWN5URJVJIZZ6XPD2MKIA,1482863314000,3,False
5.0,Five Stars,"The dogs love it, made in the USA, 100% meat. Only organic could make it better.",[],B001B4TTWO,B0BKLDDN8L,AEVWAM3YWN5URJVJIZZ6XPD2MKIA,1440350854000,0,True
1.0,Not rainbow as stated but an ugly bright blue.,"I got one that was an ugly blue color. It is also very fat. Looks more like 1&#34; width than a medium 3/4&#34; width. Would really love to find one 1/2&#34; width that is the 66&#34; to 96&#34; inch length. If it looks big and ugly in the cage and too fat for my birds feet, it has to go back. I need a return slip.",[],B005N2ECMM,B005N2ECMM,AEVWAM3YWN5URJVJIZZ6XPD2MKIA,1425672751000,0,True
2.0,Didn't work,Birds have not touched it. Was hoping it would keep them from biting the custom wood cage I had made. Not doing the trick......,[],B0039GAQHE,B0039GAQHE,AEVWAM3YWN5URJVJIZZ6XPD2MKIA,1409848757000,0,True
3.0,"When coil 52"" is more like 18""","The birds do like it. 52&#34; is not as long as it sounds. When coiled up, it's about 18&#34;. I needed it to be longer so I tried to rework it and now it isn't the pretty coil as pictured. I would have gone for the bigger sizes, but they are fatter and I have parakeets. I'm on hear again searching for another that is almost double the length but still 1/2 to 3/4&#34; around. I need one that when coiled will be about 35&#34; to 40&#34; long.",[],B00061UX2I,B00061UX2I,AEVWAM3YWN5URJVJIZZ6XPD2MKIA,1404907775000,0,True
4.0,I have 4 parakeets and got the smaller version,"They each crawl in their &#34;beds&#34; every night. I think they enjoy it because it makes them feel cozy and secure. I feel terrible for the bird that chewed off his fingers. Can't imagine how that would happen, as mine has heavier leather strapping on one side and beads and a bell on the other. The leather can be used to attached it to the side of the cage if you want it more stable. I will be on the lookout for any problems after hearing that though. As with any of the things they sell for pets you have to be vigilant and check them out. So much could happen if a bird starts to pull and take apart all the hanging toys they sell nowadays. Many really don't look safe and come from foreign countries dyed with who knows what. I like to stick with the more natural items.",[],B000OB0OCO,B000OB0OCO,AEVWAM3YWN5URJVJIZZ6XPD2MKIA,1402942254000,1,False
4.0,Love the look and practicality,I can't give it a 5 as I have not yet ordered it. Does it really take 1 to 2 months to get it? This model is exactly what I have been searching for. I saw other Molly and friend trees today in the store but they did not have this one. They were made very sturdy. Is beige the only color? If anyone can help me with my questions I would be most greatful. patty_rossi@hotmail.com,[],B000OSMA06,B000OSMA06,AEVWAM3YWN5URJVJIZZ6XPD2MKIA,1241661329000,0,False
4.0,Great for hiking,"Used this with our 10 year old shih tzu and it went really well. She fit pretty well and really enjoyed being carried everywhere. Yes, she was scared at first, but then she got used to it and got over it (pretty quickly).",[],B081ZLSH8T,B081ZLSH8T,AFTC6ZR5IKNRDG5JCPVNVMU3XV2Q,1599158927875,1,True
5.0,Dog loves it,10 year old shih tzu which always lays on wood floor now lays on this. It was a great purchase and is not super tall for shorter dogs.,[],B07F19WVHL,B08NGQXKJD,AFTC6ZR5IKNRDG5JCPVNVMU3XV2Q,1599158657043,0,True
5.0,Colorful bowls,Product is a perfect size for my cats. The colors are great.,[],B01MXEP1VY,B01MXEP1VY,AEAUZK2OLWXD75AWJOCCGGCL3H2A,1497536098237,0,True
4.0,Works well for small/medium dogs,This works pretty well. My 25 pound beagle dog barely fits/just right. A bigger dog wouldn‚Äôt be able to lay down inside. It keeps her contained in her seat which is what I was looking for since I also have an infant in the back seat.,"[{'small_image_url': 'https://images-na.ssl-images-amazon.com/images/I/71GnFYCBkwL._SL256_.jpg', 'medium_image_url': 'https://images-na.ssl-images-amazon.com/images/I/71GnFYCBkwL._SL800_.jpg', 'large_image_url': 'https://images-na.ssl-images-amazon.com/images/I/71GnFYCBkwL.jpg', 'attachment_type': 'IMAGE'}]",B0759MXX2S,B08LK94K4X,AE74DYR3QUGVPZJ3P7RFWBGIX7XQ,1582479883679,0,True
5.0,Great sifting action,"Very sturdy, and litter sifts through so easily!  I won‚Äôt be going back to plastic scoops.  Scoop width works fine with the opening on the litter genie too.",[],B01BFOHQEC,B0BPJBR7K9,AFAHVT5FXHSIGNDR7YZK3FOCW3YA,1570577608248,0,True
5.0,Fits crate perfectly,Fits crate perfectly. Easy to put on and take off crate.,[],B074RNL1JZ,B0BT2XS49P,AHITBJSS7KYUBVZPX7M2WJCOIVKQ,1603298905797,0,True
5.0,Good quality,Good quality. Fits the crate perfectly.,[],B001CQRZWC,B09MF2HCMT,AHITBJSS7KYUBVZPX7M2WJCOIVKQ,1603298829432,0,True
5.0,Great crate,Great crate,[],B000OX89VK,B0BJ16KKML,AHITBJSS7KYUBVZPX7M2WJCOIVKQ,1603298773127,0,True
3.0,Not airtight,"Good idea, but not airtight.",[],B00186O0LU,B0BFGBY2HP,AHITBJSS7KYUBVZPX7M2WJCOIVKQ,1603298630150,0,True
5.0,Great harness.,Great harness. Easy to put on dog. Comfortable.,[],B0842XVRV9,B0C1PB7WKC,AHITBJSS7KYUBVZPX7M2WJCOIVKQ,1603298537991,0,True
4.0,Great dog seat,Great dog seat. Straps to the car seat securely.,[],B0759MXX2S,B08LK94K4X,AHITBJSS7KYUBVZPX7M2WJCOIVKQ,1603298016117,0,True
5.0,Good dog brush,Pretty big. Not suitable for a puppy.,[],B0009F3MNS,B09FVQ5T15,AHITBJSS7KYUBVZPX7M2WJCOIVKQ,1603297897340,0,True
3.0,Not good quality,Did not do a good job cutting my puppies hair. Blade not sharp enough. The scissors are also dull. Used it one time. Wish I could return it.,[],B07PQF4W24,B07PQF4W24,AHITBJSS7KYUBVZPX7M2WJCOIVKQ,1603297472039,1,True
5.0,Great dog bed!,"Great dog bed!! My puppy loves it. Very comfortable and soft to the touch, yet filling is firm.",[],B0879F4S6W,B0879DL1N4,AHITBJSS7KYUBVZPX7M2WJCOIVKQ,1603296997261,1,True
1.0,WAY OVER PRICED!,WAY over priced. Target has the same item for $12. SAVE YOUR MONEY!!!,[],B00HGBTTD0,B00HGBTTD0,AHITBJSS7KYUBVZPX7M2WJCOIVKQ,1472034704000,1,True
2.0,Not very good,Very thin. Liquid soaks through to floor.,[],B001KYRQXE,B08KKPVXP7,AHITBJSS7KYUBVZPX7M2WJCOIVKQ,1449795301000,0,True
5.0,A Must Have for any Guinea Pig Owner!!,"I am a Guinea Pig owner, I have 5 Piggies. Love them dearly and they LOVE these bowls! I fill it with their favorite pellets. It cures boredom and their all natural chewing needs. Only thing I‚Äôd say is I wish they were cheaper. When found at local stores, price drops to almost $3.99 a piece. Would be nice being I buy 5 each time. Overall, still love them!",[],B07D1SK71B,B07D1SK71B,AERGOXGAFZ2J3ZMHXVLZQGTW36RA,1650084088180,0,True
5.0,It still exists,"This still exists in my house and it‚Äôs been here for over a month. That‚Äôs saying a lot for a 75 pound terrier who is nothing but muscle loves to play. Great toy, and it will last.",[],B08CDW37C1,B08LN2Y82R,AHVC23XPR4J63SSNSIRNG4H6AEWQ,1615236376613,0,True
1.0,I‚Äôve had it about 3 months and it just snapped,While I was out in a walk it just snapped-total nightmare. Thankfully I‚Äôd never fully trusted it and he had his harness on so I was able to catch him and attach the leash to that. Very disappointed.,[],B07YPYPQLV,B07ZCZR178,AHVC23XPR4J63SSNSIRNG4H6AEWQ,1588025082420,0,True
5.0,"Very cute, maybe don‚Äôt get the silver one","I got two, as you can see in the pictures for both of my dogs. The silver one is hard to see, unless you‚Äôre at the right angle, but it‚Äôs still adorable. The vet even commented on it that they were cute.","[{'small_image_url': 'https://images-na.ssl-images-amazon.com/images/I/71CPzn9TrML._SL256_.jpg', 'medium_image_url': 'https://images-na.ssl-images-amazon.com/images/I/71CPzn9TrML._SL800_.jpg', 'large_image_url': 'https://images-na.ssl-images-amazon.com/images/I/71CPzn9TrML._SL1600_.jpg', 'attachment_type': 'IMAGE'}, {'small_image_url': 'https://images-na.ssl-images-amazon.com/images/I/71a8LE0XdeL._SL256_.jpg', 'medium_image_url': 'https://images-na.ssl-images-amazon.com/images/I/71a8LE0XdeL._SL800_.jpg', 'large_image_url': 'https://images-na.ssl-images-amazon.com/images/I/71a8LE0XdeL._SL1600_.jpg', 'attachment_type': 'IMAGE'}]",B07X4FQNWY,B07X5KC5H6,AHVC23XPR4J63SSNSIRNG4H6AEWQ,1574889304300,2,True
1.0,Just don‚Äôt.,"Unimpressed. First, he was able to get his jaw under the front and chewed through it in about 10seconds. But if also choked him. He‚Äôs a pup and is being taught not to pull, but he still pulls and it‚Äôs too thin around the chest which causes choking.","[{'small_image_url': 'https://images-na.ssl-images-amazon.com/images/I/71FkFouppJL._SL256_.jpg', 'medium_image_url': 'https://images-na.ssl-images-amazon.com/images/I/71FkFouppJL._SL800_.jpg', 'large_image_url': 'https://images-na.ssl-images-amazon.com/images/I/71FkFouppJL.jpg', 'attachment_type': 'IMAGE'}]",B07C2SYV91,B0B8S8Y486,AHVC23XPR4J63SSNSIRNG4H6AEWQ,1573343985077,0,True
5.0,My dog loved them!,Our lab absolutely loved these bones!!! She was so excited that she wouldn‚Äôt stop chomping and thunking it against the floor and we had to take it away at bedtime so we could sleep!,[],B07788PVQG,B0BJW24TJ1,AHVC23XPR4J63SSNSIRNG4H6AEWQ,1540246361750,0,True
5.0,Great product,I buy a blueberry brand collar with a new tag for my sons 9 pound dog every Christmas.  Bought the flamingo print for Christmas 2019. No problems so far and has held up like all the previous ones I‚Äôve purchased.,[],B00HRQAL2C,B08M5QS32K,AFVNEEPDEIH5SPUN5BWC6NKL3WNQ,1580471854633,0,True
5.0,Pleased customer!,Perfect engraving. Amazing price!,[],B00BU44VSM,B00BU44VSM,AFVNEEPDEIH5SPUN5BWC6NKL3WNQ,1546289790174,0,True
5.0,Great product!,I‚Äôve purchased several of this brand!  Very pleased!  Great fit for my 9 pound dog!,[],B078JDP8T8,B09ZXLSWYM,AFVNEEPDEIH5SPUN5BWC6NKL3WNQ,1546289697102,0,True
1.0,I‚Äôve tried sewing the arm holes but still unpropitious,Don‚Äôt waste your money,"[{'small_image_url': 'https://m.media-amazon.com/images/I/71hgO9wvviL._SL256_.jpg', 'medium_image_url': 'https://m.media-amazon.com/images/I/71hgO9wvviL._SL800_.jpg', 'large_image_url': 'https://m.media-amazon.com/images/I/71hgO9wvviL._SL1600_.jpg', 'attachment_type': 'IMAGE'}]",B08T9BT7NM,B095PB5184,AFDERBL3G23J5U6HHQBAZLTREKOA,1647795192851,1,False
5.0,Loved by Kevin,Our bunny loves these.,[],B08ZJ8W7P5,B08ZJ8W7P5,AHXSBZT52TCPZUBVCBRICTHWUCBA,1641952223882,0,True
5.0,Australia heeler loves and lasts,Luna bell loves the dingo treats. I love the treats because they lasts longer than usual. I would recommend because they are also affordable thanks.,[],B000FPKZSM,B000FPKZSM,AHGTHCERTEZUXNBLJ5SWHK2CDLXA,1653165527648,0,True
5.0,Amazing for training,The training dog shock collar was very easy to use. I love it my blue Heller is listening better and behaving better now. I barely have to use the shock option the beep option and the fact its on works well. I would highly recommend!,"[{'small_image_url': 'https://images-na.ssl-images-amazon.com/images/I/81FPEmXgn0L._SL256_.jpg', 'medium_image_url': 'https://images-na.ssl-images-amazon.com/images/I/81FPEmXgn0L._SL800_.jpg', 'large_image_url': 'https://images-na.ssl-images-amazon.com/images/I/81FPEmXgn0L._SL1600_.jpg', 'attachment_type': 'IMAGE'}]",B08ZHLVRGW,B0BH3RC52N,AHGTHCERTEZUXNBLJ5SWHK2CDLXA,1625875133093,0,False
5.0,Excellent for cats and dogs!!,"Amazing!! This fountain works very well, is very quiet, and easy to assemble and clean (Take apart and clean about every 3 weeks), is easy to top off (just pour into bottom basin slowly), and it also provides a decent amount of ambient light at night. What I didn‚Äôt realize is that this also keeps the water cool. The top waterfall portion is where my cat prefers to drink from and the bottom basin is the dogs territory.<br /> Cold, fresh, circulating water = seeing my cat drink more water then ever before (he doesn‚Äôt l like sitting/still water). You WILL NOT regret this purchase.","[{'small_image_url': 'https://images-na.ssl-images-amazon.com/images/I/A1Kg381HRQL._SL256_.jpg', 'medium_image_url': 'https://images-na.ssl-images-amazon.com/images/I/A1Kg381HRQL._SL800_.jpg', 'large_image_url': 'https://images-na.ssl-images-amazon.com/images/I/A1Kg381HRQL._SL1600_.jpg', 'attachment_type': 'IMAGE'}, {'small_image_url': 'https://images-na.ssl-images-amazon.com/images/I/A1V8G1TLNBL._SL256_.jpg', 'medium_image_url': 'https://images-na.ssl-images-amazon.com/images/I/A1V8G1TLNBL._SL800_.jpg', 'large_image_url': 'https://images-na.ssl-images-amazon.com/images/I/A1V8G1TLNBL._SL1600_.jpg', 'attachment_type': 'IMAGE'}, {'small_image_url': 'https://images-na.ssl-images-amazon.com/images/I/B10JGZYQRLS._SL256_.jpg', 'medium_image_url': 'https://images-na.ssl-images-amazon.com/images/I/B10JGZYQRLS._SL800_.jpg', 'large_image_url': 'https://images-na.ssl-images-amazon.com/images/I/B10JGZYQRLS._SL1600_.jpg', 'attachment_type': 'IMAGE'}]",B08CB1PFH6,B08CB1Y42M,AFEIN7QWSQ6EFW45LKD7ZOCSMLGQ,1626752961395,0,True
4.0,Just OK,It‚Äôs Ok for what it is I guess. My 42lb puggle fits it but I wish I‚Äôd went a size up. The pillows need to be stuffed and more firm and this size should be 4 inches of foam like the larger sizes. Semi-regretful purchase but let‚Äôs see how she likes it and maybe I will edit.,"[{'small_image_url': 'https://images-na.ssl-images-amazon.com/images/I/B1Lv0xExxdS._SL256_.jpg', 'medium_image_url': 'https://images-na.ssl-images-amazon.com/images/I/B1Lv0xExxdS._SL800_.jpg', 'large_image_url': 'https://images-na.ssl-images-amazon.com/images/I/B1Lv0xExxdS._SL1600_.jpg', 'attachment_type': 'IMAGE'}]",B074F31925,B09H24L1Z4,AFEIN7QWSQ6EFW45LKD7ZOCSMLGQ,1619219573082,1,True
5.0,Good Product!,"They work as advertised, a bit hard to clean all the collected hair out of but they work well and my cat is even starting to like it.... with brief daily use he sheds WAY less....! Cat approved!","[{'small_image_url': 'https://images-na.ssl-images-amazon.com/images/I/614Vv7u27ML._SL256_.jpg', 'medium_image_url': 'https://images-na.ssl-images-amazon.com/images/I/614Vv7u27ML._SL800_.jpg', 'large_image_url': 'https://images-na.ssl-images-amazon.com/images/I/614Vv7u27ML._SL1600_.jpg', 'attachment_type': 'IMAGE'}, {'small_image_url': 'https://images-na.ssl-images-amazon.com/images/I/71INVLaTcyL._SL256_.jpg', 'medium_image_url': 'https://images-na.ssl-images-amazon.com/images/I/71INVLaTcyL._SL800_.jpg', 'large_image_url': 'https://images-na.ssl-images-amazon.com/images/I/71INVLaTcyL._SL1600_.jpg', 'attachment_type': 'IMAGE'}]",B07XXSZB86,B07MD61BNH,AFEIN7QWSQ6EFW45LKD7ZOCSMLGQ,1600933645539,0,True
5.0,good mixer,Madison love this topper.,[],B01N1XNYW9,B08S149RH6,AHBHMMUTJ5W3SZUHVKUP35ZYKUHA,1598319809827,0,True
5.0,Works good,It works nice for my small dag,[],B07MW73ZGS,B07MW73ZGS,AHBHMMUTJ5W3SZUHVKUP35ZYKUHA,1569210185623,0,True
5.0,Good for chewing,My Madison love them,[],B0088BE38S,B09SHDBQ1D,AHBHMMUTJ5W3SZUHVKUP35ZYKUHA,1560900956524,0,True
5.0,Nice color,Nice to use on pets niles,[],B005T8W2WW,B00I70F4GK,AHBHMMUTJ5W3SZUHVKUP35ZYKUHA,1558116491587,0,True
5.0,It's very nice dress,One of the best I loved it on madison,[],B077KVQQCH,B077KNLSZQ,AHBHMMUTJ5W3SZUHVKUP35ZYKUHA,1536511540740,0,True
5.0,Nice dress,Love this one it is very pretty,[],B07D3RNCHH,B07D3RNCHH,AHBHMMUTJ5W3SZUHVKUP35ZYKUHA,1533782047254,0,True
5.0,Very happy,This is one of the nicest dress I have ever seen for my pet.,[],B07BB83NCD,B07BB83NCD,AHBHMMUTJ5W3SZUHVKUP35ZYKUHA,1532741230899,1,True
4.0,One Star,This is one of the cutest dresses I have seen,[],B07BS5N1WT,B07BS8YMRR,AHBHMMUTJ5W3SZUHVKUP35ZYKUHA,1532740328015,0,True
5.0,Five Stars,Cutest,[],B06Y43BHNL,B06Y43BHNL,AHBHMMUTJ5W3SZUHVKUP35ZYKUHA,1501697527327,0,True
5.0,Five Stars,It's cute,[],B01LXTDEOO,B08R5VVTWD,AHBHMMUTJ5W3SZUHVKUP35ZYKUHA,1494873490000,0,True
5.0,Five Stars,I like all the shirts for madison,[],B01LXXZEUT,B01LXXZEUT,AHBHMMUTJ5W3SZUHVKUP35ZYKUHA,1488861638000,2,True
5.0,Works great. Instructions not included,Works great and I was able to set up my pump but this item came with no instructions. Just items in a bag.,[],B08L7WLRP7,B09MMW9WNZ,AFJTRBXMURLHS5EGNXLUHDHIZRFQ,1651929522560,0,True
5.0,Nice minus the cancer warning.,Nice and very low noise level comes withl an air control valve. It also comes with a cancer warning which is concerning because I brought this for my hydroponics garden.,"[{'small_image_url': 'https://m.media-amazon.com/images/I/61j+rMG-mTL._SL256_.jpg', 'medium_image_url': 'https://m.media-amazon.com/images/I/61j+rMG-mTL._SL800_.jpg', 'large_image_url': 'https://m.media-amazon.com/images/I/61j+rMG-mTL._SL1600_.jpg', 'attachment_type': 'IMAGE'}]",B0009YJ4N6,B09TVCFW2P,AFJTRBXMURLHS5EGNXLUHDHIZRFQ,1651435650323,0,True
5.0,Easy to apply!,"Very easy to apply, just a quick dab between the shoulder blades.",[],B000HCR6QC,B000HCR6QC,AFJTRBXMURLHS5EGNXLUHDHIZRFQ,1565320719053,1,True
5.0,Immediately saw dead fleas.,"It took me chasing my cat around the house to use these but they definitley work. After a few wipes I began to see flea dirt and dead fleas. Immediate results that I hadn't seen after a prior flea dip. Time will tell if they really work but I was happy with what I saw. Be warned, the smells is overwhelming!! Smells like a million cloves, yuck!",[],B00W4GZ3PA,B00W4GZ3PA,AFJTRBXMURLHS5EGNXLUHDHIZRFQ,1565320600128,0,True
4.0,Works great but the smell is overpowering!,"I had 2 intact male cats that sprayed in multiple places in my house. This worked great in the end but the smell is so overpowering, even diluted. It took an hour after spraying to see if the cat pee smell was actually gone or just being masked.",[],B0002XJ11E,B0BT6MWS93,AFJTRBXMURLHS5EGNXLUHDHIZRFQ,1563124780920,0,True
5.0,I love it! My cat...not so much which is perfect!,"My cat kept jumping on the radiator and ripping the air conditioner side panels off to get outside. Came home from vacation only to discover she'd been outside for 4 days.  Enough was enough, I placed these on my radiator and happily watched her have a fit trying to jump on top of it.  These are lot cheaper than spending money on flea dips after escapes.",[],B07H8PFH18,B07H8PFH18,AFJTRBXMURLHS5EGNXLUHDHIZRFQ,1563124614850,0,True
5.0,Does what catlitter is supposed to do,Does exactly what it's supposed to. Smells good as well.,[],B07J71155L,B07J71155L,AFJTRBXMURLHS5EGNXLUHDHIZRFQ,1563124327668,0,True
1.0,Get a vet to put these on.,"These are no very easy to put on an adult cat. Unless you want your eye's clawed out,<br />have a vet or groomer to put these on. I called a few places and it's only 10-30 to have it done.",[],B07PY5SJ2P,B07NR2YLFH,AFJTRBXMURLHS5EGNXLUHDHIZRFQ,1558903300832,4,True
5.0,Awesome Fun!,I bought the Cat's Meow at CVS for $20 and it is worth every penny!  My neighbor's cats love it.  It keeps the younger cat entertained and stimulated every time it's turned on.  He is captivated with the spinning tube and will hope around to try and stop it from moving.  The older cat will watch and come over and tap at it also!  I recommend this product to anyone with a young cat!,[],B00DSSA54C,B00DSSA54C,AHSPLDNW5OOUK2PLH7GXLACFBZNQ,1383318056000,0,False
5.0,excellent product,Exactly what I needed,[],B07ZHNZV8F,B07ZHNZV8F,AHWWLSPCJMALVHDDVSUGICL6RUCA,1664747015246,1,True
